{
  "name": "abp-web-resources",
  "homepage": "http://www.aspnetboilerplate.com/",
  "authors": [
    "Halil İbrahim Kalkan"
  ],
  "version": "2.1.2",
  "description": "Script and style resources for ASP.NET Boilerplate based web projects.",
  "main": "Abp/Framework/scripts/abp.js",
  "moduleType": [],
  "keywords": [
    "asp.net",
    "boilerplate",
    "web",
    "framework",
    "resources"
  ],
  "license": "MIT",
  "ignore": [
    "**/.*",
    "node_modules",
    "bower_components",
    "test",
    "tests",
    ".nuget",
    "packages"
  ],
  "_release": "2.1.2",
  "_resolution": {
    "type": "version",
    "tag": "v2.1.2",
    "commit": "912597876c6f853b8e969959ba7f7401e61506a3"
  },
  "_source": "https://github.com/aspnetboilerplate/bower-abp-resources.git",
  "_target": "^2.1.2",
  "_originalSource": "abp-web-resources",
  "_direct": true
}