{
  "name": "Waves",
  "homepage": "http://fian.my.id/Waves",
  "authors": [
    "Alfiana E. Sibuea <alfian.sibuea@gmail.com>"
  ],
  "description": "Click effect inspired by Google's Material Design",
  "main": [
    "dist/waves.min.js",
    "dist/waves.min.css"
  ],
  "keywords": [
    "click",
    "material-design"
  ],
  "license": "MIT",
  "ignore": [
    "**/.*",
    "node_modules",
    "bower_components",
    "test",
    "tests"
  ],
  "version": "0.7.5",
  "_release": "0.7.5",
  "_resolution": {
    "type": "version",
    "tag": "v0.7.5",
    "commit": "5ce37da75c9e1c41b0344afd4a8dd6eea92424e7"
  },
  "_source": "https://github.com/fians/Waves.git",
  "_target": "^0.7.5",
  "_originalSource": "waves",
  "_direct": true
}